內容,情緒
HP就是穩！大廠牌品管有保證啦～不像某些雜牌三不五時就出包，我公司採購都指定HP或Dell，用了好幾年都沒什麼大問題，IT部門也說HP的機器比較少送修，品質真的有差,正面
原廠服務真的讚，上次要加記憶體，送去服務中心免費裝，反觀國產牌還要收費= = 而且HP的工程師還會順便幫你檢查其他硬體狀況，服務態度超好，難怪商務客戶都愛用HP,正面
買了Victus 15用來打game，外型低調不會被看出是電競筆電，爽！在咖啡廳用也不會太招搖，效能又夠力，3A大作都能順跑，CP值真的高，比那些花俏的電競筆電實在多了,正面
OmniBook超薄超輕，帶出門完全沒負擔，電池還能撐一整天👍 我每天通勤背著也不會肩膀痠，開會從早到晚都不用帶充電器，同事看到都很羨慕，考慮跟進買一台,正面
黑五搶到HP 14吋只要236美金！！學生黨表示太香了～～ 規格雖然不是頂級但日常使用綽綽有餘，寫報告、看影片、輕度修圖都OK，這價格買到大廠筆電真的賺翻,正面
Stream 14真的cp值爆表，便宜又好用，電池撐10小時沒問題，給小孩當學習機或長輩上網用都很適合，系統也很穩定不會亂當機，入門款能做到這樣真的不容易,正面
新的OMEN比舊款薄16%耶，HP設計越來越厲害了，以前電競筆電都又厚又重，現在終於有進步了，而且散熱還是很給力，不會因為變薄就過熱降頻，設計團隊真的用心,正面
ZBook G11工作站真的猛，跑AI模型超順，專業人士必備！我們實驗室用來跑深度學習，比起桌機方便太多，隨時可以帶著走，效能也不輸桌上型工作站，值得投資,正面
OMEN Max 16那個可逆轉風扇太酷了吧！散熱技術大突破，可以自動反轉清灰塵，再也不用定期拆機清理，對懶人來說簡直是福音，而且散熱效果真的有感提升,正面
EliteBook的AI功能真的實用，商務人士用起來效率翻倍💪 自動整理會議記錄、智慧降噪、背景模糊都很好用，視訊會議專業度大提升，老闆都問我是不是換了什麼高級設備,正面
Envy 16充電超快！30分鐘就50%，出門前臨時充電救星，有時候忘記充電，吃個早餐的時間就能充到夠用一上午，而且充電器也不會很大顆，攜帶方便,正面
Windows筆電我只推HP跟Dell，其他牌子踩雷機率太高，尤其是售後服務差很多，HP全球都有服務據點，出差到國外也不怕，保固期內有問題都能快速解決,正面
買了HP Laptop 15，1.59kg超輕！霧面螢幕不反光，用整天眼睛也不痠，鍵盤手感也很棒，打字不會太吵，很適合在圖書館或辦公室使用，同事都說這台看起來質感不錯,正面
我的HP 2014年買的到現在還頭好壯壯，耐用度沒話說👌 中間只換過一次電池，其他零件都還很穩，現在給家人當文書機用，上網看影片都還很順，真的是一分錢一分貨,正面
以前用HP可以記住外接螢幕設定，換ASUS後超不習慣😭 每次都要重新設定解析度跟顯示模式，HP的軟體細節真的做得比較好，這種小地方就看得出用心程度,正面
OmniBook Ultra Flip 14真的讚，時尚輕巧續航力又強，商務人士首選！360度翻轉設計超實用，簡報時可以當平板展示，觸控筆書寫也很流暢，出差帶這台就夠了,正面
Pavilion Plus 14那個OLED螢幕真的美哭！2.8K 120Hz看影片爽爆，顏色鮮豔對比度高，看Netflix簡直是享受，而且不會有殘影問題，玩遊戲也很順暢，物超所值,正面
OMEN系列電競體驗一流，電池續航也不錯，不插電也能戰！很多電競筆電拔掉電源就變廢物，OMEN不會，效能雖然會降一點但還是能玩，這點真的很加分,正面
ZBook Power G10的專業繪圖卡太強了，即時光追跑起來順到飛起，做3D建模渲染速度快到嚇人，同事用Mac的都羨慕，而且擴充性超好，記憶體硬碟都能自己升級,正面
燦坤推薦的HP 15S學生機不錯，大螢幕鍵盤舒適，價格親民，我幫姪子買了一台，用了半年都說很滿意，打報告看影片都很夠用，學生預算有限這台真的是好選擇,正面
Envy內建的AI真的有用！工作效率提升不少，值得入手，尤其是AI降噪功能，在吵雜環境開會對方都聽得很清楚，還有智慧場景偵測，會自動調整螢幕色溫護眼,正面
EliteBook X G1a外型專業又美觀，鍵盤手感一級棒✨ 那個鍵程恰到好處，長時間打字也不會累，而且有背光很方便，機身質感也很好，拿出來談生意很有面子,正面
OMEN AI軟體太方便了，一鍵優化遊戲設定，懶人福音！不用自己慢慢調參數，AI會根據你的硬體配置自動優化，遊戲體驗提升很多，而且還能監控溫度使用率,正面
OMEN Max 16的逆轉風扇設計超貼心，能自動清灰塵！我之前的筆電每半年就要拆開清灰塵，現在完全不用煩惱，而且運作時也比較安靜，設計真的很創新,正面
ProBook 445商務機穩定可靠，公司採購首選，我們部門十幾台用了兩年多都沒出過問題，IT說維護起來也簡單，標準化設計很方便管理，CP值高,正面
HP高階筆電質感真的沒得挑，預算夠的話絕對買HP，金屬機身、精工切割、觸感溫潤，每個細節都很講究，用過就回不去塑膠機殼了，真的是一分錢一分貨,正面
聽說HP要出搭載Ryzen AI Max PRO的ZBook，期待爆表！AMD新處理器效能提升很多，配上HP的散熱設計，應該會是專業工作站的新標竿，存錢準備入手了,正面
OMEN系列低調內斂又有電競血統，I9+RTX4070配置太香了，外型不會太殺馬特，帶去上班也OK，但效能絕對夠你打任何遊戲，這種平衡感很難得,正面
CES上看到OMEN MAX 16，號稱HP史上最強16吋！必買～ 看規格真的是怪物級別，而且散熱設計大改進，應該能發揮硬體100%效能，電競玩家今年最期待的機種,正面
Envy 16被說是便宜版MacBook，但遊戲性能還贏Mac呢😏 外型質感不輸Mac，價格便宜一大截，而且還能打遊戲，果粉朋友看到都心動了，正在考慮跳槽,正面
Victus的RGB鍵盤真的炫，可以自訂每個按鍵顏色，打字或打game都很有氣氛，而且按鍵回饋感很好，不會軟趴趴的，遊戲體驗加分不少，值得入手,正面
HP的MyHP app其實蠻好用的，可以監控硬體狀態、調整效能模式、管理保固，整合度很高，不用安裝一堆第三方軟體，對懶人來說很方便,正面
HP產品線真的齊全，文書商務電競都有，一次滿足各種需求，而且各產品線都有明確定位，不會讓消費者選擇困難，從入門到旗艦都有，這點做得很好,正面
OMEN MAX跟達發合作，能同時連無線耳機跟滑鼠，太方便了！以前要一直切換很麻煩，現在全部無線裝置都能同時連，桌面整潔多了，遊戲體驗也更好,正面
即使Dell測試贏了，但也證明HP EliteBook夠堅固才會被拿來比較，能當對手就表示實力相當，而且HP在其他方面like設計美感還是贏Dell的，各有千秋啦,正面
OMEN Max內建HyperX接收器，周邊整合做得真好，買了筆電等於進入整個生態系，滑鼠耳機鍵盤都能無縫連接，對電競玩家來說超方便，不用擔心相容性,正面
HP品牌信譽擺在那，買筆電選大廠準沒錯，至少不會買到孤兒機，驅動程式、BIOS更新都很即時，有問題也找得到人處理，小廠真的不敢賭,正面
Pavilion Plus價格雖然不便宜，但規格真的比同級對手好，OLED螢幕、高階處理器、快充技術都有，綜合起來CP值還是不錯的，一分錢一分貨嘛,正面
EliteBook Ultra用M365能撐20.3小時！出差神器無誤，飛美國來回都不用充電，而且待機耗電也很少，闔上螢幕放包包一週電量都還有，續航力真的強,正面
Victus Gaming 15的C/P值真的高，同價位很難找到更好的配置了，而且HP的電競筆電不會像某些品牌那麼高調，適合想低調打game的玩家,正面
HP翻轉筆電設計超實用，平板筆電模式隨意切換，看影片用平板模式、工作用筆電模式、簡報用帳篷模式，一機多用CP值高，轉軸也很穩固不會鬆動,正面
看到HP的薯條標就知道品質有保證，Spectre系列讚👍 這個系列定位高階，用料做工都是頂級，雖然貴但值得，用個好幾年都不會落伍，投資報酬率高,正面
HP從入門到高階都有，各種預算都能找到適合的，不像某些品牌只做特定市場，HP產品線完整度真的沒話說，而且各價位帶都有競爭力，不會貴得離譜,正面
OMEN Tempest Cooling散熱技術真的強，高負載也不掉速，玩3A大作連續好幾小時，溫度都控制得很好，不會燙手也不會降頻，這散熱設計值得其他廠商學習,正面
ZBook Ultra G1a號稱最快14吋工作站，專業人士必備，效能真的沒話說，而且14吋大小攜帶方便，不像其他工作站都很笨重，行動專業工作者的最佳選擇,正面
微軟推AI PC，HP第一批合作，跟上潮流腳步快，不像某些廠商還在觀望，HP直接推出多款AI PC搶市，這種積極度值得肯定，科技產品就是要走在前面,正面
HP社群行銷做得好，#輕薄筆電 形象年輕有活力，不會給人老氣的感覺，產品也真的越做越時尚，擺脫以往商務機的刻板印象，年輕人接受度越來越高,正面
新的OMEN特務白配色超美！質感爆表用了就回不去了，白色機身配RGB燈效，優雅又不失電競感，放在桌上就是藝術品，朋友來都會多看兩眼,正面
HP的Sure View螢幕防窺技術真的實用，按一個鍵就能啟動，旁邊的人完全看不到螢幕內容，在咖啡廳或高鐵上用很安心，商務人士必備功能,正面
各大論壇ProBook跟EliteBook口碑都很好，商務穩定首選✅ 爬文看到的評價都很正面，很少有災情，可見品質控管做得不錯，商務人士閉著眼睛買都不會錯,正面
HP跟Dell、ASUS都是找台廠代工啦，供應鏈都差不多，什麼廣達、仁寶、緯創都有在做，品質好壞主要還是看品牌方的品管要求，不過大廠通常要求都比較嚴格就是了,中立
聽說HP要把生產線移出中國，跟其他大廠策略一樣，因應地緣政治風險嘛，不過短期內應該還是會維持部分產能在中國，畢竟供應鏈不是說搬就搬的,中立
Canalys報告說HP全球市佔第二，20%僅次於聯想，老實說這兩家差距不大，排名經常互換，主要看當季的出貨策略，不過都算是第一梯隊的品牌就是了,中立
埃及市場HP市佔率1成排第三，還行吧，畢竟每個區域市場特性不同，有些地方歐美品牌吃香，有些地方本土品牌比較強，1成市佔率說多不多說少不少,中立
HP產品線是蠻完整的，文書商務電競都有涵蓋，這樣的好處是消費者選擇多，壞處是產品線太複雜有時候會搞混，不過整體來說算是優點大於缺點,中立
CES 2025 HP發表了OMEN MAX 16跟一些新品，每年CES各大廠都會發表新品，HP的發表算中規中矩，有亮點但不算特別驚艷，就是正常的產品更新週期,中立
Innergie充電器說相容HP，看來市場普及度不錯，第三方配件廠願意特別標註相容性，表示HP用戶基數夠大，這也算是選購時的一個考量點,中立
有些HP輕薄本沒網路孔，要用USB轉接器有點麻煩，這是輕薄化的代價啦，要薄就得犧牲一些東西，看個人需求，常用有線網路的人要注意這點,中立
HP也要出高通Snapdragon X筆電了，跟其他廠一樣，ARM架構筆電是趨勢，各大廠都在佈局，不過生態系還不夠成熟，初期應該是試水溫性質,中立
訊連科技說HP是合作夥伴，CES有展示新軟體，軟硬體整合是趨勢，HP找軟體廠合作很正常，不過實際效果如何還要看產品上市後的表現,中立
有人問同價位HP螢幕是不是比ASUS、MSI好看？這個真的見仁見智，每個人對顏色的喜好不同，而且還要看具體型號，不能一概而論，最好現場看實機,中立
日本JEITA的PC出貨量統計沒包含HP耶，可能是因為HP在日本沒有直接銷售管道，或是統計方式的關係，不過這不影響HP的全球地位就是了,中立
HP入門款保固一年，有些競爭對手是兩年，這確實是個考量點，不過HP的全球保固比較完善，出國也能修，各有優缺點，看個人需求選擇,中立
NVIDIA說HP會出RTX 50系列筆電，大家都會出啦，新顯卡發表後各大廠都會跟進，這是正常的產品更新，不過初期價格應該會很高，等等黨可以再觀望,中立
看到有人在考慮HP Pavilion x360，想聽聽意見，這種2合1筆電有人愛有人不愛，喜歡多功能的會覺得很方便，追求極致效能的可能會覺得雞肋,中立
摩根士丹利說HP因應關稅有提前拉貨，這是正常的商業策略，關稅政策不確定性高，提前備貨可以降低風險，不過也可能造成庫存壓力，兩難啊,中立
有評測拿ThinkPad X9-14跟HP、Dell比較價格規格，商務筆電市場競爭激烈，各家都有特色，ThinkPad鍵盤好、HP設計美、Dell服務佳，選哪個都有道理,中立
HP的機身材質處理技術進步不少，陽極氧化鋁合金摸起來手感不錯，不容易留指紋，耐用度也比純塑膠好很多，當然成本也反映在售價上,中立
2萬以下文書機HP跟Acer、Asus都是選項，這個價位帶選擇真的很多，規格都差不多，主要看品牌偏好跟售後服務，還有鍵盤手感螢幕品質這些細節,中立
HP是廣達的筆電客戶之一，廣達是全球最大筆電代工廠，幫很多品牌代工，品質算穩定，不過最終產品好壞還是要看品牌方的設計跟品管,中立
Omdia說HP會擴大東南亞生產比重，這是全球供應鏈重組的一環，不只HP，很多品牌都在做類似佈局，越南、泰國、馬來西亞都是熱門選擇,中立
Intel說HP會出Core Ultra 200HX筆電，Intel新平台各家都會採用，這很正常，重點是各家的調校功力，同樣的CPU效能表現可能差很多,中立
Computex展HP有展示NPU的AI筆電，AI PC是今年的主軸，各家都在推，不過老實說現階段AI功能還不夠實用，比較像是行銷噱頭，再觀察看看,中立
德國萊茵認證HP、Dell都有加入，這種認證越來越多，對消費者來說是好事，至少有個參考標準，不過認證也要看是哪方面的，不能盲目相信,中立
高通說HP會出Snapdragon X筆電，Windows on ARM發展這麼多年，一直沒有太大突破，這次會不會不一樣還很難說，觀望中,中立
AMD的Ryzen AI Max首波合作有HP跟華碩，AMD這幾年進步很多，處理器效能功耗比都不錯，HP採用也是合理選擇，競爭對消費者是好事,中立
HP Pavilion Gaming 17記憶體升級算簡單，現在很多筆電都改成焊死的，這台還能自己升級算不錯了，不過要注意相容性，最好用原廠建議的規格,中立
HP用達發科技的無線晶片在OMEN跟HyperX，台灣IC設計實力不錯，被國際大廠採用不意外，這種合作對雙方都有利，技術本土化是趨勢,中立
HP會出Snapdragon X筆電，ARM架構省電是優勢，但軟體相容性是問題，適合輕度使用者，專業軟體使用者還是選x86架構比較保險,中立
有人問HP筆電長按左右鍵延遲能不能調，這種細節設定每個品牌都不太一樣，有些可以調有些不行，通常在控制台或專屬軟體裡可以找到，不行就用第三方軟體,中立
HP的企業採購方案聽說不錯，量大有優惠，售後服務也比較完整，不過中小企業可能享受不到這些優惠，這也是大品牌的優勢之一,中立
美國報告說PC市場今年會成長，對HP這種大廠是利多，不過成長幅度有限，主要是企業換機潮，一般消費者換機週期還是很長,中立
HP在教育市場佈局蠻深的，很多學校採購都選HP，主要是售後服務網絡完整，對學校IT人員來說維護比較方便，這塊市場競爭也很激烈,中立
新的HP筆電都支援Wi-Fi 6E了，速度是快不少，但前提是路由器也要支援，不然沒用，而且現在Wi-Fi 7都快出來了，技術更新真的快,中立
HP的BIOS更新頻率算正常，不會太頻繁也不會太少，有安全漏洞會即時修補，這點比一些小廠好很多，至少不會變成孤兒機,中立
聽說HP在印度市場表現不錯，價格策略調整得當，針對當地市場推出特別版本，這種在地化策略值得其他市場學習，不能一招打天下,中立
HP的環保政策宣傳很多，用再生材料什麼的，實際效果如何不好說，不過至少有在做，現在ESG很重要，大企業都要表態,中立
Windows 11對硬體要求提高，舊款HP筆電可能無法升級，這不是HP的問題，是微軟的政策，要買新機的人要注意CPU是否符合要求,中立
HP商務筆電的指紋辨識還不錯，辨識速度快成功率高，比起輸入密碼方便很多，不過偶爾還是會失敗，手濕的時候特別明顯,中立
電池循環次數查詢HP有內建軟體可以看，這點蠻方便的，可以掌握電池健康度，不像有些品牌要用第三方軟體才能查，細節有照顧到,中立
HP筆電的開機速度中規中矩，SSD的話都蠻快的，HDD就比較慢，這是硬體限制沒辦法，建議直接買SSD版本或自己升級,中立
觸控板手勢支援算完整，Windows 11的手勢都有支援，不過精準度跟MacBook還是有差距，這是Windows陣營的通病，不只HP的問題,中立
HP Support Assistant這個軟體有好有壞，自動更新驅動很方便，但有時候會很煩一直跳通知，可以自己調整通知頻率，整體來說還是有用的,中立
機身材質入門款大多是塑膠，高階才是金屬，這是成本考量可以理解，塑膠的也不一定不好，現在工程塑膠強度也很高，重點是設計,中立
HP的電源鍵位置每個系列都不太一樣，有些在鍵盤上有些在側邊，個人比較喜歡在側邊的設計，比較不會誤按，這種設計細節見仁見智,中立
最近HP筆電都改用Type-C充電了，方便是方便但要注意瓦數，不是所有Type-C充電器都能用，功率不夠可能充很慢或充不進去,中立
HP筆電的喇叭效果普通，不能期待太多，要好音質還是要外接，B&O調音聽起來是比較好一點，但也就那樣，筆電喇叭天生限制,中立
風扇控制HP有軟體可以調整，可以選擇安靜模式或效能模式，安靜模式真的蠻安靜但效能會降，效能模式就比較吵，自己取捨,中立
HP的全球保固要注意條款，不是每個國家都一樣，有些地方可能要額外付費，出國前最好先確認，免得到時候有問題很麻煩,中立
二手HP筆電保值率算中等，沒有Apple那麼保值但也不會太差，商務機相對保值一些，電競機折舊比較快，這是市場供需決定的,中立
用過HP Envy跟Dell XPS，最後還是華碩好...Windows筆電買華碩啦，HP設計是不錯但小毛病太多，Dell太貴，華碩CP值最高，而且售後服務點也多，真心建議,負面
幹！過保一個月軸承就爆了，螢幕也跟著碎，修理費14500是在搶錢？這明顯是設計缺陷還要消費者買單，去消保會申訴也沒用，HP根本不理，以後再也不買HP,負面
我的Spectre X360才一週左邊HDMI就掛了，USB也半殘，品質堪憂，花了快5萬買高階機結果一週就出問題，客服還說要送修檢測，新機就這樣是要檢測什麼？,負面
Spectre X360用一用突然偵測不到外接螢幕，交叉測試確定是筆電的鍋，HDMI、USB-C都試過了，線材螢幕都沒問題，就是筆電不行，上網查很多人有類似問題,負面
螢幕亮度調最低還是很亮，用久了眼睛痛死，設計有問題吧，晚上用真的很刺眼，下載第三方軟體調整也沒用，這種基本的東西都做不好，真的很扯,負面
OmniBook Ultra Flip藍牙有bug，闔蓋幾小時再開滑鼠就死了，要重開機== 每天都要重開好幾次，煩死了，更新驅動也沒用，客服只會叫你重灌，根本沒用,負面
用5年電池只剩18%，還一直跳警告，週期才445回就這樣？同期買的ASUS電池還有70%，HP的電池品質真的爛，而且原廠電池超貴，根本故意的,負面
Pavilion Gaming玩模擬市民直接變暖爐🔥散熱爛透了，風扇全速運轉還是燙，放在腿上會燙傷，夏天根本不能用，這種散熱設計是怎麼通過測試的？,負面
14s-dq1009TU居然沒網路孔，沒wifi的地方直接GG，出差住的飯店Wi-Fi爛到爆，想用有線網路才發現沒孔，還要另外買轉接器，這種基本配備都省，真的很摳,負面
全新筆電底部就有裂痕，申請退貨還說是人為損壞要收4000？黑店！開箱就拍照存證了，結果HP硬說是運送後才裂的，擺明就是不想負責，爛公司,負面
美國報告說HP筆電越來越難修，維修性退步了，以前至少還能自己換電池，現在全部焊死，壞了就是要你買新的，計畫性報廢做得真徹底,負面
HP維修評分只有C，在各大品牌裡算爛的，iFixit的拆解報告寫得很清楚，一堆膠水黏死，螺絲規格亂七八糟，擺明就是不想讓你修,負面
原廠連個包包滑鼠都不送，摳門！以前買筆電至少還會送個包，現在什麼都沒有，價格還越來越貴，真的當消費者是盤子,負面
HP 240 G6居然還在用M.2 SATA？都什麼年代了，2024年的筆電用2014年的技術，效能慢到哭，而且還不能換，真的是清庫存騙不懂的人,負面
HP規格好但Dell保固比較香，售後輸人一截，Dell到府收送，HP要自己送修，光這點就差很多了，而且HP客服態度普遍不好,負面
Dell測試說他們比HP EliteBook 640 G11耐用，HP加油好嗎，號稱商務機結果耐用度輸人，這樣怎麼說服企業客戶採購？品質要加強啊,負面
網路上一堆人說超品系列地雷，是有多爛？Google一下就知道了，災情一堆，轉軸問題、螢幕問題、主機板問題，買了就準備當維修達人,負面
OmniBook Ultra Flip觸控筆配對超難，充飽電也沒用，藍牙配對失敗率超高，好不容易連上了用一下又斷，觸控筆形同虛設，浪費錢,負面
OmniBook Ultra Flip會莫名黑屏一分鐘，bug一堆，正在做簡報突然黑屏，超尷尬，客戶都傻眼，更新到最新版韌體還是一樣，品質堪慮,負面
HP 15.6吋效能爛到不行，完全比不上其他品牌，同價位ASUS、Acer都屌打，開個Chrome分頁多一點就卡，這種效能也敢拿出來賣？,負面
EliteBook X G1a高負載只能撐1.5小時，續航力笑死，號稱商務機結果插頭不能離身，出差還要到處找插座，這樣還不如買電競筆電,負面
EliteBook X還在用機械式觸控板，高階筆電？我呸！都2024年了還在用10年前的技術，觸感回饋、手勢操作都輸一大截，落後時代,負面
HP色差問題嚴重，螢幕顏色偏到不行，修圖調色根本不能用，sRGB覆蓋率號稱99%結果測出來只有80%，詐騙集團嗎？,負面
Pavilion Laptop 16鍵盤手感太鬆散，打字體驗差，鍵程太短回饋感不足，長時間打字手指會痛，這種鍵盤也敢放在生產力筆電上？,負面
Pavilion Laptop 16螢幕色彩不足，顏色暗淡，看影片灰濛濛的，亮度也不夠，戶外根本看不清楚，省成本省過頭了吧,負面
Pavilion Laptop 16要1100美金？這入門規格賣這價格腦袋壞了，同樣價格可以買到其他品牌的中高階機種，HP是不是定價定錯了？,負面
EliteBook X G1a不能打game不能創作，用途太侷限，買了才發現一堆限制，想裝個遊戲休閒一下都不行，顯卡爛到爆，只能當打字機,負面
被鎖在HP筆電外超崩潰，系統問題一堆，Windows Hello突然失效，密碼也進不去，只能重灌，資料全沒了，HP的軟體整合真的爛,負面
OmniBook Ultra Flip相機畫面不平衡，拍出來歪七扭八，視訊會議自己看了都尷尬，自動對焦一直飄，白平衡也怪怪的，相機模組省過頭,負面
EliteBook系列價格貴到靠北，CP值在哪？同樣的規格其他品牌便宜30%，就因為掛了EliteBook的名字就貴這麼多？當消費者是盤子？,負面
ZBook效能強但外型醜爆，厚重古早味十足，帶出門像在扛磚頭，客戶看到都懷疑是不是10年前的機器，2024年了設計美學能不能進步一下？,負面
OMEN觸控板小到可憐，打game還要外接滑鼠，電競筆電觸控板做這麼小是怎樣？空間明明很夠，是設計師懶惰還是故意要你買滑鼠？,負面
Envy x360觸控面板脫皮，用沒多久就這樣，塗層品質太差，摸起來黏黏的很噁心，而且會越脫越嚴重，影響觸控靈敏度,負面
15s-fq5310TU讀取硬碟失敗，接觸不良問題多，三不五時就抓不到硬碟，要重開機好幾次才正常，資料隨時會不見，超沒安全感,負面
HP風扇吵到不行，開機就像飛機起飛，在安靜的地方用超尷尬，旁邊的人都在看，風扇品質能不能用好一點？這麼吵是要怎麼專心工作？,負面
輕薄筆電擴充性爛透，想加硬碟？想得美！RAM焊死、硬碟焊死，什麼都不能升級，用個兩年就跟不上時代了，逼你買新機,負面
只有一年保固，其他牌都兩年了，摳！明明賣得不便宜，保固還縮水，是對自己產品沒信心嗎？多一年保固是會倒閉嗎？,負面
檢測沒拆機還收檢測費，HP售後爛透了，送修說要檢測，結果只是插電開機看一下就要收500，根本是搶錢，而且態度還很差,負面
轉軸設計根本定時炸彈，過保就爆給你看，上網一查一堆人中獎，HP明知道有問題也不召回，就是要賺維修費，無良企業,負面
文書機玩個模擬市民都會過熱，散熱設計失敗，明明不是什麼高負載遊戲，溫度就飆到90度，風扇狂轉，這散熱是幼稚園生設計的嗎？,負面
同樣的筆電中國賣得比台灣便宜，當台灣人盤子？😡 價差快30%，是運費很貴還是關稅很高？同樣是亞洲市場差別待遇，真的不爽,負面
HP客服訓練不足，問問題答非所問，打電話過去只會叫你重灌或送修，一點專業知識都沒有，還不如自己Google，客服品質有夠差,負面
電池膨脹問題嚴重，用不到3年就膨脹，機殼都被撐開了，上網查一堆人有同樣問題，HP的電池品管到底在幹嘛？會不會爆炸啊？,負面
驅動程式三天兩頭出問題，更新後更慘，藍牙斷線、Wi-Fi不穩、觸控板失靈，每次Windows更新後就一堆毛病，相容性做得真爛,負面
HP筆電二手價崩跌，買來沒一年要賣掉價格直接砍半，保值率輸Apple一大截，連ASUS都比HP保值，品牌價值在哪裡？,負面
鍵盤背光不均勻，有些鍵亮有些鍵暗，看起來超廉價，而且背光還會閃爍，品質控管是在睡覺嗎？這種瑕疵品也敢出貨？,負面
買HP筆電像在賭博，同型號品質參差不齊，有人用得好好的，有人一堆問題，品管根本沒在控，全憑運氣，建議去廟裡拜拜再買,負面
HDMI輸出畫質差，接4K螢幕糊成一片，明明筆電螢幕很清楚，外接就變馬賽克，HDMI版本太舊還是晶片太爛？2024年了還這種品質,負面
HP的預裝軟體一堆垃圾，開機就一堆廣告彈窗，McAfee、HP Smart、各種試用版軟體，移除了還會自己裝回來，真的很煩，當我們是白痴嗎？,負面
總結一句：HP筆電就是品質不穩定、售後服務差、小毛病一堆、CP值低，除非你很喜歡送修，不然真的不推薦，踩雷機率太高了，慎選！💩,負面
